{"cameraMode":{"drawMode":0,"name":"Shaded","section":"Shading Mode"},"sceneLighting":false,"audioPlay":false,"sceneViewState":{"m_AlwaysRefresh":false,"showFog":true,"showSkybox":false,"showFlares":true,"showImageEffects":true,"showParticleSystems":true,"showVisualEffectGraphs":true,"m_FxEnabled":true},"in2DMode":false,"pivot":{"x":0.13664092123508454,"y":0.5504651069641113,"z":-5.0648651123046879},"rotation":{"x":0.00841845665127039,"y":-0.9024755358695984,"z":0.01793142966926098,"w":0.4305403530597687},"size":0.2598077058792114,"orthographic":false}